{"cameraMode":{"drawMode":0,"name":"Shaded","section":"Shading Mode"},"sceneLighting":true,"audioPlay":false,"sceneViewState":{"m_AlwaysRefresh":false,"showFog":true,"showSkybox":true,"showFlares":true,"showImageEffects":true,"showParticleSystems":true,"showVisualEffectGraphs":true,"m_FxEnabled":true},"in2DMode":false,"pivot":{"x":25.140047073364259,"y":25.143115997314454,"z":150.29710388183595},"rotation":{"x":0.0855192095041275,"y":0.17216633260250092,"z":0.014105000533163548,"w":-0.9812540411949158},"size":3.6430280208587648,"orthographic":false}